StepId,RecordingId,ProcessId,TimeStamp,StepName,StepDescription,ApplicationProcessName,ApplicationParentWindowName,automation_step,NextStepId,label_EventName,label_EventId,rows,Process_Name,Connectors,ApplicationProcessNameStepName
0,2b71ac2c-e071-ec11-8943-0022481ea4d8,5477dec3-815c-ec11-8f8f-002248302213,2022-01-10T06:40:47+00:00,Select menu option in window,Firefox - 2 running windows in Quick Launch Bar,firefox,,"[""UIAutomationSelectMenuOption Control: appmask['Quick Launch Bar']['Firefox - 2 running windows']\n""]",2,Go to planner,46dc9780-94e5-494c-8ff9-dea67bb48c24,2957,approvals/planner,Planner,firefoxSelect menu option in window
1,2b71ac2c-e071-ec11-8943-0022481ea4d8,5477dec3-815c-ec11-8f8f-002248302213,2022-01-10T06:40:51+00:00,Click UI element in window,List Item 'General    (Private Browsing)' in List 'Task Switcher',firefox,Task Switcher,"[""UIAutomationClick Element: appmask['List \\'Task Switcher\\'']['List Item \\'General    (Private Browsing)\\''] ClickType: UIAutomationClickTypeLeftClick OffsetX: -34 OffsetY: 17 MousePositionRelativeToElement: UIAutomationRectangleEdgePointMiddleCenter\n""]",3,Go to planner,46dc9780-94e5-494c-8ff9-dea67bb48c24,2958,approvals/planner,Planner,firefoxClick UI element in window
2,2b71ac2c-e071-ec11-8943-0022481ea4d8,5477dec3-815c-ec11-8f8f-002248302213,2022-01-10T06:40:52+00:00,Press button in window,Button 'Open a new tab (Ctrl+T)' in Window 'General    (Private Browsing)',firefox,General (Name HelpDesk) | Microsoft Teams â€” Mozilla Firefox (Private Browsing),"[""UIAutomationPressButton Button: appmask['Window \\'General    (Private Browsing)\\'']['Button \\'Open a new tab (Ctrl+T)\\'']\n""]",4,Go to planner,46dc9780-94e5-494c-8ff9-dea67bb48c24,2959,approvals/planner,Planner,firefoxPress button in window
3,2b71ac2c-e071-ec11-8943-0022481ea4d8,5477dec3-815c-ec11-8f8f-002248302213,2022-01-10T06:40:56+00:00,Populate text field in window,Edit 'Search with Google or enter address' in Window 'Mozilla Firefox (Private Browsing)'; Text:'o365',firefox,Mozilla Firefox (Private Browsing),"[""UIAutomationPopulateTextField TextField: appmask['Window \\'Mozilla Firefox (Private Browsing)\\'']['Edit \\'Search with Google or enter address\\''] Text: 'o365' Mode: UIAutomationPopulateTextModeReplace ClickType: UIAutomationPopulateMouseClickTypeSingleClick\n""]",5,Go to planner,46dc9780-94e5-494c-8ff9-dea67bb48c24,2960,approvals/planner,Planner,firefoxPopulate text field in window
4,2b71ac2c-e071-ec11-8943-0022481ea4d8,5477dec3-815c-ec11-8f8f-002248302213,2022-01-10T06:40:57+00:00,Send keys,TextToSend:'{Return}',,,"['WAIT 2\n', ""MouseAndKeyboardSendKeys TextToSend: '{Return}'\n""]",6,Go to planner,46dc9780-94e5-494c-8ff9-dea67bb48c24,2961,approvals/planner,Planner,Send keys
5,2b71ac2c-e071-ec11-8943-0022481ea4d8,5477dec3-815c-ec11-8f8f-002248302213,2022-01-10T06:41:00+00:00,Click UI element in window,Hyperlink 'Office   officecom' in Window 'o365 -    (Private Browsing)',firefox,o365 - Google Search â€” Mozilla Firefox (Private Browsing),"[""UIAutomationClick Element: appmask['Window \\'o365 -    (Private Browsing)\\'']['Hyperlink \\'Office   officecom\\''] ClickType: UIAutomationClickTypeLeftClick OffsetX: -89 OffsetY: -8 MousePositionRelativeToElement: UIAutomationRectangleEdgePointBottomRight\n""]",7,Go to planner,46dc9780-94e5-494c-8ff9-dea67bb48c24,2962,approvals/planner,Planner,firefoxClick UI element in window
6,2b71ac2c-e071-ec11-8943-0022481ea4d8,5477dec3-815c-ec11-8f8f-002248302213,2022-01-10T06:41:11+00:00,Click UI element in window,Hyperlink 'Planner' in Window 'Microsoft    (Private Browsing)',firefox,Microsoft Office Home â€” Mozilla Firefox (Private Browsing),"[""UIAutomationClick Element: appmask['Window \\'Microsoft    (Private Browsing)\\'']['Hyperlink \\'Planner\\''] ClickType: UIAutomationClickTypeLeftClick OffsetX: 1 OffsetY: 13 MousePositionRelativeToElement: UIAutomationRectangleEdgePointTopCenter\n""]",8,Go to planner,46dc9780-94e5-494c-8ff9-dea67bb48c24,2963,approvals/planner,Planner,firefoxClick UI element in window
7,2b71ac2c-e071-ec11-8943-0022481ea4d8,5477dec3-815c-ec11-8f8f-002248302213,2022-01-10T06:41:21+00:00,Select menu option in window,Menu Item 'New plan' in Window 'Hub - Planner â€” Mozilla Firefox (Private Browsing)',firefox,Hub - Planner â€” Mozilla Firefox (Private Browsing),"[""UIAutomationSelectMenuOption Control: appmask['Window \\'Hub - Planner â€” Mozilla Firefox (Private Browsing)\\'']['Menu Item \\'New plan\\'']\n""]",9,Go to planner,46dc9780-94e5-494c-8ff9-dea67bb48c24,2964,approvals/planner,Planner,firefoxSelect menu option in window
8,2b71ac2c-e071-ec11-8943-0022481ea4d8,5477dec3-815c-ec11-8f8f-002248302213,2022-01-10T06:41:28+00:00,Populate text field in window,Edit 'Plan name' in Window 'Hub - Planner â€” Mozilla Firefox (Private Browsing)'; Text:'update',firefox,Hub - Planner â€” Mozilla Firefox (Private Browsing),"[""UIAutomationPopulateTextField TextField: appmask['Window \\'Hub - Planner â€” Mozilla Firefox (Private Browsing)\\'']['Edit \\'Plan name\\''] Text: 'update' Mode: UIAutomationPopulateTextModeReplace ClickType: UIAutomationPopulateMouseClickTypeSingleClick\n""]",10,Go to planner,46dc9780-94e5-494c-8ff9-dea67bb48c24,2965,approvals/planner,Planner,firefoxPopulate text field in window
9,2b71ac2c-e071-ec11-8943-0022481ea4d8,5477dec3-815c-ec11-8f8f-002248302213,2022-01-10T06:41:30+00:00,Press button in window,Button 'Choose a group for your plan' in Window 'Hub - Planner â€” Mozilla Firefox (Private Browsing)',firefox,Hub - Planner â€” Mozilla Firefox (Private Browsing),"[""UIAutomationPressButton Button: appmask['Window \\'Hub - Planner â€” Mozilla Firefox (Private Browsing)\\'']['Button \\'Choose a group for your plan\\'']\n""]",11,Go to planner,46dc9780-94e5-494c-8ff9-dea67bb48c24,2966,approvals/planner,Planner,firefoxPress button in window
10,2b71ac2c-e071-ec11-8943-0022481ea4d8,5477dec3-815c-ec11-8f8f-002248302213,2022-01-10T06:41:33+00:00,Click UI element in window,Image in Window 'Hub - Planner â€” Mozilla Firefox (Private Browsing)',firefox,Hub - Planner â€” Mozilla Firefox (Private Browsing),"[""UIAutomationClick Element: appmask['Window \\'Hub - Planner â€” Mozilla Firefox (Private Browsing)\\'']['Image'] ClickType: UIAutomationClickTypeLeftClick OffsetX: 19 OffsetY: -6 MousePositionRelativeToElement: UIAutomationRectangleEdgePointMiddleCenter\n""]",12,Go to planner,46dc9780-94e5-494c-8ff9-dea67bb48c24,2967,approvals/planner,Planner,firefoxClick UI element in window
11,2b71ac2c-e071-ec11-8943-0022481ea4d8,5477dec3-815c-ec11-8f8f-002248302213,2022-01-10T06:41:35+00:00,Press button in window,Button 'Create plan' in Window 'Hub - Planner â€” Mozilla Firefox (Private Browsing)',firefox,Hub - Planner â€” Mozilla Firefox (Private Browsing),"[""UIAutomationPressButton Button: appmask['Window \\'Hub - Planner â€” Mozilla Firefox (Private Browsing)\\'']['Button \\'Create plan\\'']\n""]",13,Go to planner,46dc9780-94e5-494c-8ff9-dea67bb48c24,2968,approvals/planner,Planner,firefoxPress button in window
12,2b71ac2c-e071-ec11-8943-0022481ea4d8,5477dec3-815c-ec11-8f8f-002248302213,2022-01-10T06:41:41+00:00,Press button in window,Button 'Add task card in To do column' in Window 'update -    (Private Browsing)',firefox,update - Planner â€” Mozilla Firefox (Private Browsing),"[""UIAutomationPressButton Button: appmask['Window \\'update -    (Private Browsing)\\'']['Button \\'Add task card in To do column\\'']\n""]",14,Create Tasks,ac22a216-aa9c-414a-8631-2048bb0a950b,2969,approvals/planner,Planner,firefoxPress button in window
13,2b71ac2c-e071-ec11-8943-0022481ea4d8,5477dec3-815c-ec11-8f8f-002248302213,2022-01-10T06:41:47+00:00,Populate text field in window,Edit 'Task name' in Window 'update -    (Private Browsing)'; Text:'Feedback',firefox,update - Planner â€” Mozilla Firefox (Private Browsing),"[""UIAutomationPopulateTextField TextField: appmask['Window \\'update -    (Private Browsing)\\'']['Edit \\'Task name\\''] Text: 'Feedback' Mode: UIAutomationPopulateTextModeReplace ClickType: UIAutomationPopulateMouseClickTypeSingleClick\n""]",15,Create Tasks,ac22a216-aa9c-414a-8631-2048bb0a950b,2970,approvals/planner,Planner,firefoxPopulate text field in window
14,2b71ac2c-e071-ec11-8943-0022481ea4d8,5477dec3-815c-ec11-8f8f-002248302213,2022-01-10T06:41:49+00:00,Press button in window,Button 'Set due date' in Window 'update -    (Private Browsing)',firefox,update - Planner â€” Mozilla Firefox (Private Browsing),"[""UIAutomationPressButton Button: appmask['Window \\'update -    (Private Browsing)\\'']['Button \\'Set due date\\'']\n""]",16,Create Tasks,ac22a216-aa9c-414a-8631-2048bb0a950b,2971,approvals/planner,Planner,firefoxPress button in window
15,2b71ac2c-e071-ec11-8943-0022481ea4d8,5477dec3-815c-ec11-8f8f-002248302213,2022-01-10T06:41:51+00:00,Click UI element in window,"Data Item 'January 21, 2022' in Window 'update -    (Private Browsing)'",firefox,update - Planner â€” Mozilla Firefox (Private Browsing),"[""UIAutomationClick Element: appmask['Window \\'update -    (Private Browsing)\\'']['Data Item \\'January 21, 2022\\''] ClickType: UIAutomationClickTypeLeftClick OffsetX: 2 OffsetY: 7 MousePositionRelativeToElement: UIAutomationRectangleEdgePointTopCenter\n""]",17,Create Tasks,ac22a216-aa9c-414a-8631-2048bb0a950b,2972,approvals/planner,Planner,firefoxClick UI element in window
16,2b71ac2c-e071-ec11-8943-0022481ea4d8,5477dec3-815c-ec11-8f8f-002248302213,2022-01-10T06:41:53+00:00,Press button in window,"Button 'Not assigned, Open to assign users to this task' in Window 'update -    (Private Browsing)'",firefox,update - Planner â€” Mozilla Firefox (Private Browsing),"[""UIAutomationPressButton Button: appmask['Window \\'update -    (Private Browsing)\\'']['Button \\'Not assigned, Open to assign users to this task\\'']\n""]",18,Create Tasks,ac22a216-aa9c-414a-8631-2048bb0a950b,2973,approvals/planner,Planner,firefoxPress button in window
17,2b71ac2c-e071-ec11-8943-0022481ea4d8,5477dec3-815c-ec11-8f8f-002248302213,2022-01-10T06:41:58+00:00,Populate text field in window,Edit 'Assignments' in Window 'update -    (Private Browsing)'; Text:'Name',firefox,update - Planner â€” Mozilla Firefox (Private Browsing),"[""UIAutomationPopulateTextField TextField: appmask['Window \\'update -    (Private Browsing)\\'']['Edit \\'Assignments\\''] Text: 'Name' Mode: UIAutomationPopulateTextModeReplace ClickType: UIAutomationPopulateMouseClickTypeSingleClick\n""]",19,Create Tasks,ac22a216-aa9c-414a-8631-2048bb0a950b,2974,approvals/planner,Planner,firefoxPopulate text field in window
18,2b71ac2c-e071-ec11-8943-0022481ea4d8,5477dec3-815c-ec11-8f8f-002248302213,2022-01-10T06:42:00+00:00,Click UI element in window,Edit 'Name Surname' in Window 'update -    (Private Browsing)',firefox,update - Planner â€” Mozilla Firefox (Private Browsing),"[""UIAutomationClick Element: appmask['Window \\'update -    (Private Browsing)\\'']['Edit \\'Name Surname\\''] ClickType: UIAutomationClickTypeLeftClick OffsetX: 8 OffsetY: 2 MousePositionRelativeToElement: UIAutomationRectangleEdgePointMiddleCenter\n""]",20,Create Tasks,ac22a216-aa9c-414a-8631-2048bb0a950b,2975,approvals/planner,Planner,firefoxClick UI element in window
19,2b71ac2c-e071-ec11-8943-0022481ea4d8,5477dec3-815c-ec11-8f8f-002248302213,2022-01-10T06:42:03+00:00,Press button in window,Button 'Add task' in Window 'update -    (Private Browsing)',firefox,update - Planner â€” Mozilla Firefox (Private Browsing),"[""UIAutomationPressButton Button: appmask['Window \\'update -    (Private Browsing)\\'']['Button \\'Add task\\'']\n""]",21,Create Tasks,ac22a216-aa9c-414a-8631-2048bb0a950b,2976,approvals/planner,Planner,firefoxPress button in window
20,2b71ac2c-e071-ec11-8943-0022481ea4d8,5477dec3-815c-ec11-8f8f-002248302213,2022-01-10T06:42:10+00:00,Press button in window,Button 'More options' in Window 'update -    (Private Browsing)',firefox,update - Planner â€” Mozilla Firefox (Private Browsing),"[""UIAutomationPressButton Button: appmask['Window \\'update -    (Private Browsing)\\'']['Button \\'More options\\'']\n""]",22,Copy the link,4458fff4-447f-413d-9483-d72ee17d9ba6,2977,approvals/planner,Planner,firefoxPress button in window
21,2b71ac2c-e071-ec11-8943-0022481ea4d8,5477dec3-815c-ec11-8f8f-002248302213,2022-01-10T06:42:13+00:00,Press button in window,Button 'More options' in Window 'update -    (Private Browsing)',firefox,update - Planner â€” Mozilla Firefox (Private Browsing),"[""UIAutomationPressButton Button: appmask['Window \\'update -    (Private Browsing)\\'']['Button \\'More options\\'']\n""]",23,Copy the link,4458fff4-447f-413d-9483-d72ee17d9ba6,2978,approvals/planner,Planner,firefoxPress button in window
22,2b71ac2c-e071-ec11-8943-0022481ea4d8,5477dec3-815c-ec11-8f8f-002248302213,2022-01-10T06:42:19+00:00,Select menu option in window,Menu Item 'Copy link to task' in Window 'update -    (Private Browsing)',firefox,update - Planner â€” Mozilla Firefox (Private Browsing),"[""UIAutomationSelectMenuOption Control: appmask['Window \\'update -    (Private Browsing)\\'']['Menu Item \\'Copy link to task\\'']\n""]",24,Copy the link,4458fff4-447f-413d-9483-d72ee17d9ba6,2979,approvals/planner,Planner,firefoxSelect menu option in window
0,5e46edc7-ce5c-ec11-8f8f-002248302895,5477dec3-815c-ec11-8f8f-002248302213,2021-12-14T11:15:28+00:00,Select menu option in window,Google Chrome - 2 running windows in Quick Launch Bar,,,"[""UIAutomationSelectMenuOption Control: appmask['Quick Launch Bar']['Google Chrome - 2 running windows']\n""]",2,Go to planner,7f8d88eb-f6e1-4424-8336-2028b862f832,5411,approvals/planner,Planner,Select menu option in window
1,5e46edc7-ce5c-ec11-8f8f-002248302895,5477dec3-815c-ec11-8f8f-002248302213,2021-12-14T11:15:31+00:00,Select menu option in window,Menu Item 'App launcher' in Pane 'Microsoft Office Home - Google Chrome - Person 1',chrome,Microsoft Office Home - Google Chrome - Person 1,"[""UIAutomationSelectMenuOption Control: appmask['Pane \\'Microsoft Office Home - Google Chrome - Person 1\\'']['Menu Item \\'App launcher\\'']\n""]",3,Go to planner,7f8d88eb-f6e1-4424-8336-2028b862f832,5412,approvals/planner,Planner,chromeSelect menu option in window
2,5e46edc7-ce5c-ec11-8f8f-002248302895,5477dec3-815c-ec11-8f8f-002248302213,2021-12-14T11:15:35+00:00,Click UI element in window,Hyperlink 'Planner' in Pane 'Microsoft Office Home - Google Chrome - Person 1',chrome,Microsoft Office Home - Google Chrome - Person 1,"[""UIAutomationClick Element: appmask['Pane \\'Microsoft Office Home - Google Chrome - Person 1\\'']['Hyperlink \\'Planner\\''] ClickType: UIAutomationClickTypeLeftClick OffsetX: 22 OffsetY: 6 MousePositionRelativeToElement: UIAutomationRectangleEdgePointTopLeft\n""]",4,Go to planner,7f8d88eb-f6e1-4424-8336-2028b862f832,5413,approvals/planner,Planner,chromeClick UI element in window
3,5e46edc7-ce5c-ec11-8f8f-002248302895,5477dec3-815c-ec11-8f8f-002248302213,2021-12-14T11:15:40+00:00,Select menu option in window,Menu Item 'New plan' in Pane 'Microsoft Office Home - Google Chrome - Person 1',chrome,Microsoft Office Home - Google Chrome - Person 1,"[""UIAutomationSelectMenuOption Control: appmask['Pane \\'Microsoft Office Home - Google Chrome - Person 1\\'']['Menu Item \\'New plan\\'']\n""]",5,Go to planner,7f8d88eb-f6e1-4424-8336-2028b862f832,5414,approvals/planner,Planner,chromeSelect menu option in window
4,5e46edc7-ce5c-ec11-8f8f-002248302895,5477dec3-815c-ec11-8f8f-002248302213,2021-12-14T11:15:47+00:00,Populate text field in window,Edit 'Plan name' in Pane 'Microsoft Office Home - Google Chrome - Person 1'; Text:'Project NY',chrome,Microsoft Office Home - Google Chrome - Person 1,"[""UIAutomationPopulateTextField TextField: appmask['Pane \\'Microsoft Office Home - Google Chrome - Person 1\\'']['Edit \\'Plan name\\''] Text: 'Project NY' Mode: UIAutomationPopulateTextModeReplace ClickType: UIAutomationPopulateMouseClickTypeSingleClick\n""]",6,Go to planner,7f8d88eb-f6e1-4424-8336-2028b862f832,5415,approvals/planner,Planner,chromePopulate text field in window
5,5e46edc7-ce5c-ec11-8f8f-002248302895,5477dec3-815c-ec11-8f8f-002248302213,2021-12-14T11:15:51+00:00,Press button in window,Button 'îœêChoose a group for your plan' in Pane 'Microsoft Office Home - Google Chrome - Person 1',chrome,Microsoft Office Home - Google Chrome - Person 1,"[""UIAutomationPressButton Button: appmask['Pane \\'Microsoft Office Home - Google Chrome - Person 1\\'']['Button \\'\ue710Choose a group for your plan\\'']\n""]",7,Go to planner,7f8d88eb-f6e1-4424-8336-2028b862f832,5416,approvals/planner,Planner,chromePress button in window
6,5e46edc7-ce5c-ec11-8f8f-002248302895,5477dec3-815c-ec11-8f8f-002248302213,2021-12-14T11:15:59+00:00,Click UI element in window,List Item 'Project RoadMap' in Pane 'Microsoft Office Home - Google Chrome - Person 1',chrome,Microsoft Office Home - Google Chrome - Person 1,"[""UIAutomationClick Element: appmask['Pane \\'Microsoft Office Home - Google Chrome - Person 1\\'']['List Item \\'Project RoadMap\\''] ClickType: UIAutomationClickTypeLeftClick OffsetX: -29 OffsetY: 16 MousePositionRelativeToElement: UIAutomationRectangleEdgePointTopCenter\n""]",8,Go to planner,7f8d88eb-f6e1-4424-8336-2028b862f832,5417,approvals/planner,Planner,chromeClick UI element in window
7,5e46edc7-ce5c-ec11-8f8f-002248302895,5477dec3-815c-ec11-8f8f-002248302213,2021-12-14T11:16:02+00:00,Press button in window,Button 'Create plan' in Pane 'Microsoft Office Home - Google Chrome - Person 1',chrome,Microsoft Office Home - Google Chrome - Person 1,"[""UIAutomationPressButton Button: appmask['Pane \\'Microsoft Office Home - Google Chrome - Person 1\\'']['Button \\'Create plan\\'']\n""]",9,Go to planner,7f8d88eb-f6e1-4424-8336-2028b862f832,5418,approvals/planner,Planner,chromePress button in window
8,5e46edc7-ce5c-ec11-8f8f-002248302895,5477dec3-815c-ec11-8f8f-002248302213,2021-12-14T11:16:09+00:00,Press button in window,Button 'Add task card in To do column' in Pane 'Microsoft Office Home - Google Chrome - Person 1',chrome,Microsoft Office Home - Google Chrome - Person 1,"[""UIAutomationPressButton Button: appmask['Pane \\'Microsoft Office Home - Google Chrome - Person 1\\'']['Button \\'Add task card in To do column\\'']\n""]",10,Create Tasks,4d2dd308-a52d-4b39-8fdd-de244400064c,5419,approvals/planner,Planner,chromePress button in window
9,5e46edc7-ce5c-ec11-8f8f-002248302895,5477dec3-815c-ec11-8f8f-002248302213,2021-12-14T11:16:17+00:00,Populate text field in window,Edit 'Task name' in Pane 'Microsoft Office Home - Google Chrome - Person 1'; Text:'Conduct Qualification Test',chrome,Microsoft Office Home - Google Chrome - Person 1,"[""UIAutomationPopulateTextField TextField: appmask['Pane \\'Microsoft Office Home - Google Chrome - Person 1\\'']['Edit \\'Task name\\''] Text: 'Conduct Qualification Test' Mode: UIAutomationPopulateTextModeReplace ClickType: UIAutomationPopulateMouseClickTypeSingleClick\n""]",11,Create Tasks,4d2dd308-a52d-4b39-8fdd-de244400064c,5420,approvals/planner,Planner,chromePopulate text field in window
10,5e46edc7-ce5c-ec11-8f8f-002248302895,5477dec3-815c-ec11-8f8f-002248302213,2021-12-14T11:16:24+00:00,Press button in window,Button 'î?‡ Set due date' in Pane 'Microsoft Office Home - Google Chrome - Person 1',chrome,Microsoft Office Home - Google Chrome - Person 1,"[""UIAutomationPressButton Button: appmask['Pane \\'Microsoft Office Home - Google Chrome - Person 1\\'']['Button \\'\ue787 Set due date\\'']\n""]",12,Create Tasks,4d2dd308-a52d-4b39-8fdd-de244400064c,5421,approvals/planner,Planner,chromePress button in window
11,5e46edc7-ce5c-ec11-8f8f-002248302895,5477dec3-815c-ec11-8f8f-002248302213,2021-12-14T11:16:29+00:00,Click UI element in window,"Data Item 'December 22, 2021' in Pane 'Microsoft Office Home - Google Chrome - Person 1'",chrome,Microsoft Office Home - Google Chrome - Person 1,"[""UIAutomationClick Element: appmask['Pane \\'Microsoft Office Home - Google Chrome - Person 1\\'']['Data Item \\'December 22, 2021\\''] ClickType: UIAutomationClickTypeLeftButtonUp OffsetX: 0 OffsetY: -1 MousePositionRelativeToElement: UIAutomationRectangleEdgePointMiddleCenter\n""]",13,Create Tasks,4d2dd308-a52d-4b39-8fdd-de244400064c,5422,approvals/planner,Planner,chromeClick UI element in window
12,5e46edc7-ce5c-ec11-8f8f-002248302895,5477dec3-815c-ec11-8f8f-002248302213,2021-12-14T11:16:34+00:00,Click UI element in window,"Button 'Not assigned, Open to assign users to this task' in Pane 'Microsoft Office Home - Google Chrome - Person 1'",chrome,Microsoft Office Home - Google Chrome - Person 1,"[""UIAutomationClick Element: appmask['Pane \\'Microsoft Office Home - Google Chrome - Person 1\\'']['Button \\'Not assigned, Open to assign users to this task\\''] ClickType: UIAutomationClickTypeLeftButtonUp OffsetX: 17 OffsetY: 5 MousePositionRelativeToElement: UIAutomationRectangleEdgePointTopLeft\n""]",14,Create Tasks,4d2dd308-a52d-4b39-8fdd-de244400064c,5423,approvals/planner,Planner,chromeClick UI element in window
13,5e46edc7-ce5c-ec11-8f8f-002248302895,5477dec3-815c-ec11-8f8f-002248302213,2021-12-14T11:16:50+00:00,Populate text field in window,Edit 'Assignments' in Pane 'Microsoft Office Home - Google Chrome - Person 1'; Text:'kru',chrome,Microsoft Office Home - Google Chrome - Person 1,"[""UIAutomationPopulateTextField TextField: appmask['Pane \\'Microsoft Office Home - Google Chrome - Person 1\\'']['Edit \\'Assignments\\''] Text: 'kru' Mode: UIAutomationPopulateTextModeReplace ClickType: UIAutomationPopulateMouseClickTypeSingleClick\n""]",15,Create Tasks,4d2dd308-a52d-4b39-8fdd-de244400064c,5424,approvals/planner,Planner,chromePopulate text field in window
14,5e46edc7-ce5c-ec11-8f8f-002248302895,5477dec3-815c-ec11-8f8f-002248302213,2021-12-14T11:16:55+00:00,Click UI element in window,Group in Pane 'Microsoft Office Home - Google Chrome - Person 1',chrome,Microsoft Office Home - Google Chrome - Person 1,"[""UIAutomationClick Element: appmask['Pane \\'Microsoft Office Home - Google Chrome - Person 1\\'']['Group'] ClickType: UIAutomationClickTypeLeftButtonUp OffsetX: 19 OffsetY: 7 MousePositionRelativeToElement: UIAutomationRectangleEdgePointMiddleCenter\n""]",16,Create Tasks,4d2dd308-a52d-4b39-8fdd-de244400064c,5425,approvals/planner,Planner,chromeClick UI element in window
15,5e46edc7-ce5c-ec11-8f8f-002248302895,5477dec3-815c-ec11-8f8f-002248302213,2021-12-14T11:17:02+00:00,Press button in window,Button 'Name Surname' in Pane 'Microsoft Office Home - Google Chrome - Person 1',chrome,Microsoft Office Home - Google Chrome - Person 1,"[""UIAutomationPressButton Button: appmask['Pane \\'Microsoft Office Home - Google Chrome - Person 1\\'']['Button \\'Name Surname\\'']\n""]",17,Create Tasks,4d2dd308-a52d-4b39-8fdd-de244400064c,5426,approvals/planner,Planner,chromePress button in window
16,5e46edc7-ce5c-ec11-8f8f-002248302895,5477dec3-815c-ec11-8f8f-002248302213,2021-12-14T11:17:06+00:00,Click UI element in window,Button 'Add task' in Pane 'Microsoft Office Home - Google Chrome - Person 1',chrome,Microsoft Office Home - Google Chrome - Person 1,"[""UIAutomationClick Element: appmask['Pane \\'Microsoft Office Home - Google Chrome - Person 1\\'']['Button \\'Add task\\''] ClickType: UIAutomationClickTypeLeftButtonUp OffsetX: -39 OffsetY: -12 MousePositionRelativeToElement: UIAutomationRectangleEdgePointBottomCenter\n""]",18,Create Tasks,4d2dd308-a52d-4b39-8fdd-de244400064c,5427,approvals/planner,Planner,chromeClick UI element in window
17,5e46edc7-ce5c-ec11-8f8f-002248302895,5477dec3-815c-ec11-8f8f-002248302213,2021-12-14T11:17:14+00:00,Click UI element in window,Text 'îœ’' in Pane 'Microsoft Office Home - Google Chrome - Person 1',chrome,Microsoft Office Home - Google Chrome - Person 1,"[""UIAutomationClick Element: appmask['Pane \\'Microsoft Office Home - Google Chrome - Person 1\\'']['Text \\'\ue712\\''] ClickType: UIAutomationClickTypeLeftButtonUp OffsetX: 2 OffsetY: -3 MousePositionRelativeToElement: UIAutomationRectangleEdgePointBottomCenter\n""]",19,Copy the link,f89faab6-e0d7-4bef-aab4-c1af21511029,5428,approvals/planner,Planner,chromeClick UI element in window
18,5e46edc7-ce5c-ec11-8f8f-002248302895,5477dec3-815c-ec11-8f8f-002248302213,2021-12-14T11:17:18+00:00,Select menu option in window,Menu Item 'Copy link to plan' in Pane 'Microsoft Office Home - Google Chrome - Person 1',chrome,Microsoft Office Home - Google Chrome - Person 1,"[""UIAutomationSelectMenuOption Control: appmask['Pane \\'Microsoft Office Home - Google Chrome - Person 1\\'']['Menu Item \\'Copy link to plan\\'']\n""]",20,Copy the link,f89faab6-e0d7-4bef-aab4-c1af21511029,5429,approvals/planner,Planner,chromeSelect menu option in window
0,8c0705a3-ea71-ec11-8943-00224821072b,5477dec3-815c-ec11-8f8f-002248302213,2022-01-10T07:58:54+00:00,Press button in window,Microsoft Teams - 1 running window in Quick Launch Bar,,,"[""UIAutomationPressButton Button: appmask['Quick Launch Bar']['Microsoft Teams - 1 running window']\n""]",2,Go to planner,5d819d61-38fb-4213-a56f-9db9144d7f67,3177,approvals/planner,Planner,Press button in window
1,8c0705a3-ea71-ec11-8943-00224821072b,5477dec3-815c-ec11-8f8f-002248302213,2022-01-10T07:58:58+00:00,Press button in window,"Button 'Add a tab' in Pane 'General    Teams, Main Window'",Teams,"General (Project RoadMap) | Microsoft Teams, Main Window","[""UIAutomationPressButton Button: appmask['Pane \\'General    Teams, Main Window\\'']['Button \\'Add a tab\\'']\n""]",3,Go to planner,5d819d61-38fb-4213-a56f-9db9144d7f67,3178,approvals/planner,Planner,TeamsPress button in window
2,8c0705a3-ea71-ec11-8943-00224821072b,5477dec3-815c-ec11-8f8f-002248302213,2022-01-10T07:59:03+00:00,Click UI element in window,"List Item 'Trello' in Pane 'General    Teams, Main Window'",Teams,"General (Project RoadMap) | Microsoft Teams, Main Window","[""UIAutomationClick Element: appmask['Pane \\'General    Teams, Main Window\\'']['List Item \\'Trello\\''] ClickType: UIAutomationClickTypeLeftClick OffsetX: 14 OffsetY: 36 MousePositionRelativeToElement: UIAutomationRectangleEdgePointMiddleCenter\n""]",4,Go to planner,5d819d61-38fb-4213-a56f-9db9144d7f67,3179,approvals/planner,Planner,TeamsClick UI element in window
3,8c0705a3-ea71-ec11-8943-00224821072b,5477dec3-815c-ec11-8f8f-002248302213,2022-01-10T07:59:10+00:00,Click UI element in window,"List Item in Pane 'General    Teams, Main Window'",Teams,"General (Project RoadMap) | Microsoft Teams, Main Window","[""UIAutomationClick Element: appmask['Pane \\'General    Teams, Main Window\\'']['List Item'] ClickType: UIAutomationClickTypeLeftClick OffsetX: -58 OffsetY: 2 MousePositionRelativeToElement: UIAutomationRectangleEdgePointMiddleCenter\n""]",5,Go to planner,5d819d61-38fb-4213-a56f-9db9144d7f67,3180,approvals/planner,Planner,TeamsClick UI element in window
4,8c0705a3-ea71-ec11-8943-00224821072b,5477dec3-815c-ec11-8f8f-002248302213,2022-01-10T07:59:13+00:00,Press button in window,"Button 'Save' in Pane 'General    Teams, Main Window'",Teams,"General (Project RoadMap) | Microsoft Teams, Main Window","[""UIAutomationPressButton Button: appmask['Pane \\'General    Teams, Main Window\\'']['Button \\'Save\\'']\n""]",6,Go to planner,5d819d61-38fb-4213-a56f-9db9144d7f67,3181,approvals/planner,Planner,TeamsPress button in window
5,8c0705a3-ea71-ec11-8943-00224821072b,5477dec3-815c-ec11-8f8f-002248302213,2022-01-10T07:59:23+00:00,Click UI element in window,"Hyperlink 'Add a card' in Pane 'General    Teams, Main Window'",Teams,"General (Project RoadMap) | Microsoft Teams, Main Window","[""UIAutomationClick Element: appmask['Pane \\'General    Teams, Main Window\\'']['Hyperlink \\'Add a card\\''] ClickType: UIAutomationClickTypeLeftClick OffsetX: 8 OffsetY: -2 MousePositionRelativeToElement: UIAutomationRectangleEdgePointMiddleCenter\n""]",7,Create a plan,b44a0705-dae4-4548-920f-e64f1affacd3,3182,approvals/planner,Planner,TeamsClick UI element in window
6,8c0705a3-ea71-ec11-8943-00224821072b,5477dec3-815c-ec11-8f8f-002248302213,2022-01-10T07:59:32+00:00,Populate text field in window,"Edit 'Enter a title for this cardâ€?' in Pane 'General    Teams, Main Window'; Text:'Book training room'",Teams,"General (Project RoadMap) | Microsoft Teams, Main Window","[""UIAutomationPopulateTextField TextField: appmask['Pane \\'General    Teams, Main Window\\'']['Edit \\'Enter a title for this cardâ€?\\''] Text: 'Book training room' Mode: UIAutomationPopulateTextModeReplace ClickType: UIAutomationPopulateMouseClickTypeSingleClick\n""]",8,Create a plan,b44a0705-dae4-4548-920f-e64f1affacd3,3183,approvals/planner,Planner,TeamsPopulate text field in window
7,8c0705a3-ea71-ec11-8943-00224821072b,5477dec3-815c-ec11-8f8f-002248302213,2022-01-10T07:59:37+00:00,Press button in window,"Button 'Add card' in Pane 'General    Teams, Main Window'",Teams,"General (Project RoadMap) | Microsoft Teams, Main Window","[""UIAutomationPressButton Button: appmask['Pane \\'General    Teams, Main Window\\'']['Button \\'Add card\\'']\n""]",9,Create a plan,b44a0705-dae4-4548-920f-e64f1affacd3,3184,approvals/planner,Planner,TeamsPress button in window
8,8c0705a3-ea71-ec11-8943-00224821072b,5477dec3-815c-ec11-8f8f-002248302213,2022-01-10T07:59:45+00:00,Click UI element in window,"Hyperlink 'Book training room' in Pane 'General    Teams, Main Window'",Teams,"General (Project RoadMap) | Microsoft Teams, Main Window","[""UIAutomationClick Element: appmask['Pane \\'General    Teams, Main Window\\'']['Hyperlink \\'Book training room\\''] ClickType: UIAutomationClickTypeLeftClick OffsetX: 12 OffsetY: -2 MousePositionRelativeToElement: UIAutomationRectangleEdgePointMiddleCenter\n""]",10,Create a plan,b44a0705-dae4-4548-920f-e64f1affacd3,3185,approvals/planner,Planner,TeamsClick UI element in window
9,8c0705a3-ea71-ec11-8943-00224821072b,5477dec3-815c-ec11-8f8f-002248302213,2022-01-10T07:59:56+00:00,Press button in window,"Button 'ClockIcon Dates' in Pane 'General    Teams, Main Window'",Teams,"General (Project RoadMap) | Microsoft Teams, Main Window","[""UIAutomationPressButton Button: appmask['Pane \\'General    Teams, Main Window\\'']['Button \\'ClockIcon Dates\\'']\n""]",11,Create a plan,b44a0705-dae4-4548-920f-e64f1affacd3,3186,approvals/planner,Planner,TeamsPress button in window
10,8c0705a3-ea71-ec11-8943-00224821072b,5477dec3-815c-ec11-8f8f-002248302213,2022-01-10T08:00:02+00:00,Click UI element in window,"Data Item '12' in Pane 'General    Teams, Main Window'",Teams,"General (Project RoadMap) | Microsoft Teams, Main Window","[""UIAutomationClick Element: appmask['Pane \\'General    Teams, Main Window\\'']['Data Item \\'12\\''] ClickType: UIAutomationClickTypeLeftClick OffsetX: -7 OffsetY: -7 MousePositionRelativeToElement: UIAutomationRectangleEdgePointBottomRight\n""]",12,Create a plan,b44a0705-dae4-4548-920f-e64f1affacd3,3187,approvals/planner,Planner,TeamsClick UI element in window
11,8c0705a3-ea71-ec11-8943-00224821072b,5477dec3-815c-ec11-8f8f-002248302213,2022-01-10T08:00:09+00:00,Press button in window,"Button 'Close popover' in Pane 'General    Teams, Main Window'",Teams,"General (Project RoadMap) | Microsoft Teams, Main Window","[""UIAutomationPressButton Button: appmask['Pane \\'General    Teams, Main Window\\'']['Button \\'Close popover\\'']\n""]",13,Create a plan,b44a0705-dae4-4548-920f-e64f1affacd3,3188,approvals/planner,Planner,TeamsPress button in window
12,8c0705a3-ea71-ec11-8943-00224821072b,5477dec3-815c-ec11-8f8f-002248302213,2022-01-10T08:00:14+00:00,Click UI element in window,"Hyperlink 'Join' in Pane 'General    Teams, Main Window'",Teams,"General (Project RoadMap) | Microsoft Teams, Main Window","[""UIAutomationClick Element: appmask['Pane \\'General    Teams, Main Window\\'']['Hyperlink \\'Join\\''] ClickType: UIAutomationClickTypeLeftClick OffsetX: -16 OffsetY: -5 MousePositionRelativeToElement: UIAutomationRectangleEdgePointMiddleCenter\n""]",14,Create a plan,b44a0705-dae4-4548-920f-e64f1affacd3,3189,approvals/planner,Planner,TeamsClick UI element in window
13,8c0705a3-ea71-ec11-8943-00224821072b,5477dec3-815c-ec11-8f8f-002248302213,2022-01-10T08:00:20+00:00,Click UI element in window,"Hyperlink 'Join' in Pane 'General    Teams, Main Window'",Teams,"General (Project RoadMap) | Microsoft Teams, Main Window","[""UIAutomationClick Element: appmask['Pane \\'General    Teams, Main Window\\'']['Hyperlink \\'Join\\''] ClickType: UIAutomationClickTypeLeftClick OffsetX: 25 OffsetY: -5 MousePositionRelativeToElement: UIAutomationRectangleEdgePointMiddleCenter\n""]",15,Create a plan,b44a0705-dae4-4548-920f-e64f1affacd3,3190,approvals/planner,Planner,TeamsClick UI element in window
14,8c0705a3-ea71-ec11-8943-00224821072b,5477dec3-815c-ec11-8f8f-002248302213,2022-01-10T08:00:24+00:00,Populate text field in window,"Edit 'Search members' in Pane 'General    Teams, Main Window'; Text:'Name'",Teams,"General (Project RoadMap) | Microsoft Teams, Main Window","[""UIAutomationPopulateTextField TextField: appmask['Pane \\'General    Teams, Main Window\\'']['Edit \\'Search members\\''] Text: 'Name' Mode: UIAutomationPopulateTextModeReplace ClickType: UIAutomationPopulateMouseClickTypeSingleClick\n""]",16,Create a plan,b44a0705-dae4-4548-920f-e64f1affacd3,3191,approvals/planner,Planner,TeamsPopulate text field in window
15,8c0705a3-ea71-ec11-8943-00224821072b,5477dec3-815c-ec11-8f8f-002248302213,2022-01-10T08:00:30+00:00,Click UI element in window,"Hyperlink 'Name (Name368)' in Pane 'General    Teams, Main Window'",Teams,"General (Project RoadMap) | Microsoft Teams, Main Window","[""UIAutomationClick Element: appmask['Pane \\'General    Teams, Main Window\\'']['Hyperlink \\'Name (Name368)\\''] ClickType: UIAutomationClickTypeLeftClick OffsetX: 36 OffsetY: -13 MousePositionRelativeToElement: UIAutomationRectangleEdgePointBottomCenter\n""]",17,Create a plan,b44a0705-dae4-4548-920f-e64f1affacd3,3192,approvals/planner,Planner,TeamsClick UI element in window
16,8c0705a3-ea71-ec11-8943-00224821072b,5477dec3-815c-ec11-8f8f-002248302213,2022-01-10T08:00:40+00:00,Click UI element in window,"Group in Pane 'General    Teams, Main Window'",Teams,"General (Project RoadMap) | Microsoft Teams, Main Window","[""UIAutomationClick Element: appmask['Pane \\'General    Teams, Main Window\\'']['Group'] ClickType: UIAutomationClickTypeLeftClick OffsetX: -3 OffsetY: -2 MousePositionRelativeToElement: UIAutomationRectangleEdgePointMiddleRight\n""]",18,Create a plan,b44a0705-dae4-4548-920f-e64f1affacd3,3193,approvals/planner,Planner,TeamsClick UI element in window
17,8c0705a3-ea71-ec11-8943-00224821072b,5477dec3-815c-ec11-8f8f-002248302213,2022-01-10T08:00:43+00:00,Click UI element in window,"Hyperlink 'Share' in Pane 'General    Teams, Main Window'",Teams,"General (Project RoadMap) | Microsoft Teams, Main Window","[""UIAutomationClick Element: appmask['Pane \\'General    Teams, Main Window\\'']['Hyperlink \\'Share\\''] ClickType: UIAutomationClickTypeLeftClick OffsetX: 5 OffsetY: 0 MousePositionRelativeToElement: UIAutomationRectangleEdgePointMiddleCenter\n""]",19,Copy the link,73da715d-bd01-4b71-9e69-fb6e83d85b2d,3194,approvals/planner,Planner,TeamsClick UI element in window
18,8c0705a3-ea71-ec11-8943-00224821072b,5477dec3-815c-ec11-8f8f-002248302213,2022-01-10T08:00:48+00:00,Send keys,TextToSend:'{LControlKey}()',,,"['WAIT 2\n', ""MouseAndKeyboardSendKeys TextToSend: '{LControlKey}()'\n""]",22,Copy the link,73da715d-bd01-4b71-9e69-fb6e83d85b2d,3195,approvals/planner,Planner,Send keys
19,8c0705a3-ea71-ec11-8943-00224821072b,5477dec3-815c-ec11-8f8f-002248302213,2022-01-10T08:00:50+00:00,Click UI element in window,"Hyperlink 'Copy' in Pane 'General    Teams, Main Window'",Teams,"General (Project RoadMap) | Microsoft Teams, Main Window","[""UIAutomationClick Element: appmask['Pane \\'General    Teams, Main Window\\'']['Hyperlink \\'Copy\\''] ClickType: UIAutomationClickTypeLeftButtonDown OffsetX: 84 OffsetY: 6 MousePositionRelativeToElement: UIAutomationRectangleEdgePointMiddleCenter\n""]",23,Copy the link,73da715d-bd01-4b71-9e69-fb6e83d85b2d,3196,approvals/planner,Planner,TeamsClick UI element in window
20,8c0705a3-ea71-ec11-8943-00224821072b,5477dec3-815c-ec11-8f8f-002248302213,2022-01-10T08:00:51+00:00,Click UI element in window,"Hyperlink 'Copy' in Pane 'General    Teams, Main Window'",Teams,"General (Project RoadMap) | Microsoft Teams, Main Window","[""UIAutomationClick Element: appmask['Pane \\'General    Teams, Main Window\\'']['Hyperlink \\'Copy\\''] ClickType: UIAutomationClickTypeLeftButtonUp\n""]",24,Copy the link,73da715d-bd01-4b71-9e69-fb6e83d85b2d,3197,approvals/planner,Planner,TeamsClick UI element in window
21,8c0705a3-ea71-ec11-8943-00224821072b,5477dec3-815c-ec11-8f8f-002248302213,2022-01-10T08:00:52+00:00,Send keys,TextToSend:'{LControlKey}({C})',,,"['WAIT 2\n', ""MouseAndKeyboardSendKeys TextToSend: '{LControlKey}({C})'\n""]",25,Copy the link,73da715d-bd01-4b71-9e69-fb6e83d85b2d,3198,approvals/planner,Planner,Send keys
22,8c0705a3-ea71-ec11-8943-00224821072b,5477dec3-815c-ec11-8f8f-002248302213,2022-01-10T08:00:55+00:00,Click UI element in window,"Hyperlink in Pane 'General    Teams, Main Window'",Teams,"General (Project RoadMap) | Microsoft Teams, Main Window","[""UIAutomationClick Element: appmask['Pane \\'General    Teams, Main Window\\'']['Hyperlink'] ClickType: UIAutomationClickTypeLeftClick OffsetX: -4 OffsetY: -1 MousePositionRelativeToElement: UIAutomationRectangleEdgePointMiddleCenter\n""]",26,Copy the link,73da715d-bd01-4b71-9e69-fb6e83d85b2d,3199,approvals/planner,Planner,TeamsClick UI element in window
0,bc5af02d-cc5c-ec11-8f8f-002248302213,5477dec3-815c-ec11-8f8f-002248302213,2021-12-14T10:57:51+00:00,Select menu option in window,Google Chrome - 2 running windows in Quick Launch Bar,,,"[""UIAutomationSelectMenuOption Control: appmask['Quick Launch Bar']['Google Chrome - 2 running windows']\n""]",2,Go to planner,bf95467e-eeb3-4243-9ac8-d04b3aaf23f4,4806,approvals/planner,Planner,Select menu option in window
1,bc5af02d-cc5c-ec11-8f8f-002248302213,5477dec3-815c-ec11-8f8f-002248302213,2021-12-14T10:57:56+00:00,Click UI element in window,List Item 'Mail - NameSurname - Outlook - Google Chrome' in List 'Task Switcher',,Task Switcher,"[""UIAutomationClick Element: appmask['List \\'Task Switcher\\'']['List Item \\'Mail - NameSurname - Outlook - Google Chrome\\''] ClickType: UIAutomationClickTypeLeftClick OffsetX: 44 OffsetY: 3 MousePositionRelativeToElement: UIAutomationRectangleEdgePointMiddleLeft\n""]",3,Go to planner,bf95467e-eeb3-4243-9ac8-d04b3aaf23f4,4807,approvals/planner,Planner,Click UI element in window
2,bc5af02d-cc5c-ec11-8f8f-002248302213,5477dec3-815c-ec11-8f8f-002248302213,2021-12-14T10:57:58+00:00,Press button in window,Button 'New Tab' in Pane 'Mail - Name   Chrome - Person 1',chrome,Mail - NameSurname - Outlook - Google Chrome - Person 1,"[""UIAutomationPressButton Button: appmask['Pane \\'Mail - Name   Chrome - Person 1\\'']['Button \\'New Tab\\'']\n""]",4,Go to planner,bf95467e-eeb3-4243-9ac8-d04b3aaf23f4,4808,approvals/planner,Planner,chromePress button in window
3,bc5af02d-cc5c-ec11-8f8f-002248302213,5477dec3-815c-ec11-8f8f-002248302213,2021-12-14T10:58:01+00:00,Populate text field in window,Edit 'Address and search bar' in Pane 'Mail - Name   Chrome - Person 1'; Text:'O365',chrome,Mail - NameSurname - Outlook - Google Chrome - Person 1,"[""UIAutomationPopulateTextField TextField: appmask['Pane \\'Mail - Name   Chrome - Person 1\\'']['Edit \\'Address and search bar\\''] Text: 'O365' Mode: UIAutomationPopulateTextModeReplace ClickType: UIAutomationPopulateMouseClickTypeSingleClick\n""]",5,Go to planner,bf95467e-eeb3-4243-9ac8-d04b3aaf23f4,4809,approvals/planner,Planner,chromePopulate text field in window
4,bc5af02d-cc5c-ec11-8f8f-002248302213,5477dec3-815c-ec11-8f8f-002248302213,2021-12-14T10:58:02+00:00,Send keys,TextToSend:'{Return}',,,"['WAIT 2\n', ""MouseAndKeyboardSendKeys TextToSend: '{Return}'\n""]",6,Go to planner,bf95467e-eeb3-4243-9ac8-d04b3aaf23f4,4810,approvals/planner,Planner,Send keys
5,bc5af02d-cc5c-ec11-8f8f-002248302213,5477dec3-815c-ec11-8f8f-002248302213,2021-12-14T10:58:05+00:00,Click UI element in window,Hyperlink ' Office   officecom' in Pane 'Mail - Name   Chrome - Person 1',chrome,Mail - NameSurname - Outlook - Google Chrome - Person 1,"[""UIAutomationClick Element: appmask['Pane \\'Mail - Name   Chrome - Person 1\\'']['Hyperlink \\' Office   officecom\\''] ClickType: UIAutomationClickTypeLeftClick OffsetX: 32 OffsetY: 9 MousePositionRelativeToElement: UIAutomationRectangleEdgePointTopCenter\n""]",7,Go to planner,bf95467e-eeb3-4243-9ac8-d04b3aaf23f4,4811,approvals/planner,Planner,chromeClick UI element in window
6,bc5af02d-cc5c-ec11-8f8f-002248302213,5477dec3-815c-ec11-8f8f-002248302213,2021-12-14T10:58:09+00:00,Click UI element in window,Hyperlink 'Planner' in Pane 'Mail - Name   Chrome - Person 1',chrome,Mail - NameSurname - Outlook - Google Chrome - Person 1,"[""UIAutomationClick Element: appmask['Pane \\'Mail - Name   Chrome - Person 1\\'']['Hyperlink \\'Planner\\''] ClickType: UIAutomationClickTypeLeftClick OffsetX: -2 OffsetY: -6 MousePositionRelativeToElement: UIAutomationRectangleEdgePointMiddleCenter\n""]",8,Go to planner,bf95467e-eeb3-4243-9ac8-d04b3aaf23f4,4812,approvals/planner,Planner,chromeClick UI element in window
7,bc5af02d-cc5c-ec11-8f8f-002248302213,5477dec3-815c-ec11-8f8f-002248302213,2021-12-14T10:58:13+00:00,Select menu option in window,Menu Item 'New plan' in Pane 'Mail - Name   Chrome - Person 1',chrome,Mail - NameSurname - Outlook - Google Chrome - Person 1,"[""UIAutomationSelectMenuOption Control: appmask['Pane \\'Mail - Name   Chrome - Person 1\\'']['Menu Item \\'New plan\\'']\n""]",9,Create a plan,bf95467e-eeb3-4243-9ac8-d04b3aaf23f4,4813,approvals/planner,Planner,chromeSelect menu option in window
8,bc5af02d-cc5c-ec11-8f8f-002248302213,5477dec3-815c-ec11-8f8f-002248302213,2021-12-14T10:58:35+00:00,Populate text field in window,Edit 'Plan name' in Pane 'Mail - Name   Chrome - Person 1'; Text:'Project alpha',chrome,Mail - NameSurname - Outlook - Google Chrome - Person 1,"[""UIAutomationPopulateTextField TextField: appmask['Pane \\'Mail - Name   Chrome - Person 1\\'']['Edit \\'Plan name\\''] Text: 'Project alpha' Mode: UIAutomationPopulateTextModeReplace ClickType: UIAutomationPopulateMouseClickTypeSingleClick\n""]",10,Create a plan,bf95467e-eeb3-4243-9ac8-d04b3aaf23f4,4814,approvals/planner,Planner,chromePopulate text field in window
9,bc5af02d-cc5c-ec11-8f8f-002248302213,5477dec3-815c-ec11-8f8f-002248302213,2021-12-14T10:58:40+00:00,Press button in window,Button 'îœêChoose a group for your plan' in Pane 'Mail - Name   Chrome - Person 1',chrome,Mail - NameSurname - Outlook - Google Chrome - Person 1,"[""UIAutomationPressButton Button: appmask['Pane \\'Mail - Name   Chrome - Person 1\\'']['Button \\'\ue710Choose a group for your plan\\'']\n""]",11,Create a plan,bf95467e-eeb3-4243-9ac8-d04b3aaf23f4,4815,approvals/planner,Planner,chromePress button in window
10,bc5af02d-cc5c-ec11-8f8f-002248302213,5477dec3-815c-ec11-8f8f-002248302213,2021-12-14T10:58:45+00:00,Click UI element in window,List Item 'Project RoadMap' in Pane 'Mail - Name   Chrome - Person 1',chrome,Mail - NameSurname - Outlook - Google Chrome - Person 1,"[""UIAutomationClick Element: appmask['Pane \\'Mail - Name   Chrome - Person 1\\'']['List Item \\'Project RoadMap\\''] ClickType: UIAutomationClickTypeLeftClick OffsetX: 62 OffsetY: -14 MousePositionRelativeToElement: UIAutomationRectangleEdgePointBottomLeft\n""]",12,Create a plan,bf95467e-eeb3-4243-9ac8-d04b3aaf23f4,4816,approvals/planner,Planner,chromeClick UI element in window
11,bc5af02d-cc5c-ec11-8f8f-002248302213,5477dec3-815c-ec11-8f8f-002248302213,2021-12-14T10:58:46+00:00,Press button in window,Button 'Create plan' in Pane 'Mail - Name   Chrome - Person 1',chrome,Mail - NameSurname - Outlook - Google Chrome - Person 1,"[""UIAutomationPressButton Button: appmask['Pane \\'Mail - Name   Chrome - Person 1\\'']['Button \\'Create plan\\'']\n""]",13,Create a plan,bf95467e-eeb3-4243-9ac8-d04b3aaf23f4,4817,approvals/planner,Planner,chromePress button in window
12,bc5af02d-cc5c-ec11-8f8f-002248302213,5477dec3-815c-ec11-8f8f-002248302213,2021-12-14T10:58:55+00:00,Press button in window,Button 'Add task card in To do column' in Pane 'Mail - Name   Chrome - Person 1',chrome,Mail - NameSurname - Outlook - Google Chrome - Person 1,"[""UIAutomationPressButton Button: appmask['Pane \\'Mail - Name   Chrome - Person 1\\'']['Button \\'Add task card in To do column\\'']\n""]",14,Create Tasks,e0b64de4-b720-4283-8249-c1a015cee245,4818,approvals/planner,Planner,chromePress button in window
13,bc5af02d-cc5c-ec11-8f8f-002248302213,5477dec3-815c-ec11-8f8f-002248302213,2021-12-14T10:59:03+00:00,Populate text field in window,Edit 'Task name' in Pane 'Mail - Name   Chrome - Person 1'; Text:'Share Guideline',chrome,Mail - NameSurname - Outlook - Google Chrome - Person 1,"[""UIAutomationPopulateTextField TextField: appmask['Pane \\'Mail - Name   Chrome - Person 1\\'']['Edit \\'Task name\\''] Text: 'Share Guideline' Mode: UIAutomationPopulateTextModeReplace ClickType: UIAutomationPopulateMouseClickTypeSingleClick\n""]",15,Create Tasks,e0b64de4-b720-4283-8249-c1a015cee245,4819,approvals/planner,Planner,chromePopulate text field in window
14,bc5af02d-cc5c-ec11-8f8f-002248302213,5477dec3-815c-ec11-8f8f-002248302213,2021-12-14T10:59:06+00:00,Press button in window,Button 'î?‡ Set due date' in Pane 'Mail - Name   Chrome - Person 1',chrome,Mail - NameSurname - Outlook - Google Chrome - Person 1,"[""UIAutomationPressButton Button: appmask['Pane \\'Mail - Name   Chrome - Person 1\\'']['Button \\'\ue787 Set due date\\'']\n""]",16,Create Tasks,e0b64de4-b720-4283-8249-c1a015cee245,4820,approvals/planner,Planner,chromePress button in window
15,bc5af02d-cc5c-ec11-8f8f-002248302213,5477dec3-815c-ec11-8f8f-002248302213,2021-12-14T10:59:09+00:00,Click UI element in window,"Data Item 'December 16, 2021' in Pane 'Mail - Name   Chrome - Person 1'",chrome,Mail - NameSurname - Outlook - Google Chrome - Person 1,"[""UIAutomationClick Element: appmask['Pane \\'Mail - Name   Chrome - Person 1\\'']['Data Item \\'December 16, 2021\\''] ClickType: UIAutomationClickTypeLeftClick OffsetX: -3 OffsetY: 3 MousePositionRelativeToElement: UIAutomationRectangleEdgePointMiddleCenter\n""]",17,Create Tasks,e0b64de4-b720-4283-8249-c1a015cee245,4821,approvals/planner,Planner,chromeClick UI element in window
16,bc5af02d-cc5c-ec11-8f8f-002248302213,5477dec3-815c-ec11-8f8f-002248302213,2021-12-14T10:59:12+00:00,Click UI element in window,Text 'Assign' in Pane 'Mail - Name   Chrome - Person 1',chrome,Mail - NameSurname - Outlook - Google Chrome - Person 1,"[""UIAutomationClick Element: appmask['Pane \\'Mail - Name   Chrome - Person 1\\'']['Text \\'Assign\\''] ClickType: UIAutomationClickTypeLeftButtonDown OffsetX: -2 OffsetY: -2 MousePositionRelativeToElement: UIAutomationRectangleEdgePointMiddleCenter\n""]",18,Create Tasks,e0b64de4-b720-4283-8249-c1a015cee245,4822,approvals/planner,Planner,chromeClick UI element in window
17,bc5af02d-cc5c-ec11-8f8f-002248302213,5477dec3-815c-ec11-8f8f-002248302213,2021-12-14T10:59:18+00:00,Press button in window,Button 'Name Surname' in Pane 'Mail - Name   Chrome - Person 1',chrome,Mail - NameSurname - Outlook - Google Chrome - Person 1,"[""UIAutomationPressButton Button: appmask['Pane \\'Mail - Name   Chrome - Person 1\\'']['Button \\'Name Surname\\'']\n""]",19,Create Tasks,e0b64de4-b720-4283-8249-c1a015cee245,4823,approvals/planner,Planner,chromePress button in window
18,bc5af02d-cc5c-ec11-8f8f-002248302213,5477dec3-815c-ec11-8f8f-002248302213,2021-12-14T10:59:30+00:00,Drag and drop UI element in window,Text 'îœ’' in Button 'Add task' in Pane 'Mail - Name   Chrome - Person 1',chrome,Mail - NameSurname - Outlook - Google Chrome - Person 1,"[""UIAutomationDragAndDropElement MouseDownOffsetY: 0 MouseDownOffsetX: -88 RectangleEdgePointForMouseDown: UIAutomationRectangleEdgePointMiddleRight ControlToDrag: appmask['Pane \\'Mail - Name   Chrome - Person 1\\'']['Button \\'Add task\\''] MouseUpOffsetY: -3 MouseUpOffsetX: 0 RectangleEdgePointForMouseUp: UIAutomationRectangleEdgePointMiddleRight ControlToDropOver: appmask['Pane \\'Mail - Name   Chrome - Person 1\\'']['Text \\'\ue712\\''] ClickType: UIAutomationDragAndDropClickTypeLeftClick\n""]",20,Copy the link,3f85d1b1-b6ee-4c8d-91df-83b51b79381b,4824,approvals/planner,Planner,chromeDrag and drop UI element in window
19,bc5af02d-cc5c-ec11-8f8f-002248302213,5477dec3-815c-ec11-8f8f-002248302213,2021-12-14T10:59:38+00:00,Select menu option in window,Menu Item 'Copy link to plan' in Pane 'Mail - Name   Chrome - Person 1',chrome,Mail - NameSurname - Outlook - Google Chrome - Person 1,"[""UIAutomationSelectMenuOption Control: appmask['Pane \\'Mail - Name   Chrome - Person 1\\'']['Menu Item \\'Copy link to plan\\'']\n""]",21,Copy the link,3f85d1b1-b6ee-4c8d-91df-83b51b79381b,4825,approvals/planner,Planner,chromeSelect menu option in window
0,eb0948ea-be71-ec11-8943-0022481ea4d8,5477dec3-815c-ec11-8f8f-002248302213,2022-01-10T02:44:26+00:00,Press button in window,Microsoft Teams - 1 running window in Quick Launch Bar,,,"[""UIAutomationPressButton Button: appmask['Quick Launch Bar']['Microsoft Teams - 1 running window']\n""]",2,Go to planner,d0c34d4e-ebbf-4dc7-bebb-178bde7de9ed,2848,approvals/planner,Planner,Press button in window
1,eb0948ea-be71-ec11-8943-0022481ea4d8,5477dec3-815c-ec11-8f8f-002248302213,2022-01-10T02:44:29+00:00,Press button in window,"Button 'Add a tab' in Pane 'General    Teams, Main Window'",Teams,"General (Project RoadMap) | Microsoft Teams, Main Window","[""UIAutomationPressButton Button: appmask['Pane \\'General    Teams, Main Window\\'']['Button \\'Add a tab\\'']\n""]",3,Go to planner,d0c34d4e-ebbf-4dc7-bebb-178bde7de9ed,2849,approvals/planner,Planner,TeamsPress button in window
2,eb0948ea-be71-ec11-8943-0022481ea4d8,5477dec3-815c-ec11-8f8f-002248302213,2022-01-10T02:44:34+00:00,Click UI element in window,"List Item 'Tasks by Planner and To Do' in Pane 'General    Teams, Main Window'",Teams,"General (Project RoadMap) | Microsoft Teams, Main Window","[""UIAutomationClick Element: appmask['Pane \\'General    Teams, Main Window\\'']['List Item \\'Tasks by Planner and To Do\\''] ClickType: UIAutomationClickTypeLeftClick OffsetX: -1 OffsetY: -36 MousePositionRelativeToElement: UIAutomationRectangleEdgePointBottomCenter\n""]",4,Go to planner,d0c34d4e-ebbf-4dc7-bebb-178bde7de9ed,2850,approvals/planner,Planner,TeamsClick UI element in window
3,eb0948ea-be71-ec11-8943-0022481ea4d8,5477dec3-815c-ec11-8f8f-002248302213,2022-01-10T02:44:41+00:00,Select radio button in window,"Radio Button 'Create a new plan' in Pane 'General    Teams, Main Window'",Teams,"General (Project RoadMap) | Microsoft Teams, Main Window","[""UIAutomationSelectRadioButton RadioButton: appmask['Pane \\'General    Teams, Main Window\\'']['Radio Button \\'Create a new plan\\'']\n""]",5,Go to planner,d0c34d4e-ebbf-4dc7-bebb-178bde7de9ed,2851,approvals/planner,Planner,TeamsSelect radio button in window
4,eb0948ea-be71-ec11-8943-0022481ea4d8,5477dec3-815c-ec11-8f8f-002248302213,2022-01-10T02:44:43+00:00,Click UI element in window,"Document 'Microsoft Teams Tasks' in Pane 'General    Teams, Main Window'",Teams,"General (Project RoadMap) | Microsoft Teams, Main Window","[""UIAutomationClick Element: appmask['Pane \\'General    Teams, Main Window\\'']['Document \\'Microsoft Teams Tasks\\''] ClickType: UIAutomationClickTypeLeftClick OffsetX: 56 OffsetY: -39 MousePositionRelativeToElement: UIAutomationRectangleEdgePointMiddleLeft\n""]",6,Go to planner,d0c34d4e-ebbf-4dc7-bebb-178bde7de9ed,2852,approvals/planner,Planner,TeamsClick UI element in window
5,eb0948ea-be71-ec11-8943-0022481ea4d8,5477dec3-815c-ec11-8f8f-002248302213,2022-01-10T02:44:45+00:00,Drag and drop UI element in window,"Document 'Microsoft Teams Tasks' in Pane 'General    Teams, Main Window'",Teams,"General (Project RoadMap) | Microsoft Teams, Main Window","[""UIAutomationDragAndDropElement MouseDownOffsetY: 76 MouseDownOffsetX: 101 RectangleEdgePointForMouseDown: UIAutomationRectangleEdgePointTopLeft ControlToDrag: appmask['Pane \\'General    Teams, Main Window\\'']['Document \\'Microsoft Teams Tasks\\''] MouseUpOffsetY: 76 MouseUpOffsetX: 5 RectangleEdgePointForMouseUp: UIAutomationRectangleEdgePointTopLeft ControlToDropOver: appmask['Pane \\'General    Teams, Main Window\\'']['Document \\'Microsoft Teams Tasks\\''] ClickType: UIAutomationDragAndDropClickTypeLeftClick\n""]",7,Go to planner,d0c34d4e-ebbf-4dc7-bebb-178bde7de9ed,2853,approvals/planner,Planner,TeamsDrag and drop UI element in window
6,eb0948ea-be71-ec11-8943-0022481ea4d8,5477dec3-815c-ec11-8f8f-002248302213,2022-01-10T02:44:49+00:00,Populate text field in window,"Edit 'Tab name' in Pane 'General    Teams, Main Window'; Text:'Client Feedback'",Teams,"General (Project RoadMap) | Microsoft Teams, Main Window","[""UIAutomationPopulateTextField TextField: appmask['Pane \\'General    Teams, Main Window\\'']['Edit \\'Tab name\\''] Text: 'Client Feedback' Mode: UIAutomationPopulateTextModeReplace ClickType: UIAutomationPopulateMouseClickTypeSingleClick\n""]",8,Go to planner,d0c34d4e-ebbf-4dc7-bebb-178bde7de9ed,2854,approvals/planner,Planner,TeamsPopulate text field in window
7,eb0948ea-be71-ec11-8943-0022481ea4d8,5477dec3-815c-ec11-8f8f-002248302213,2022-01-10T02:44:52+00:00,Press button in window,"Button 'Save' in Pane 'General    Teams, Main Window'",Teams,"General (Project RoadMap) | Microsoft Teams, Main Window","[""UIAutomationPressButton Button: appmask['Pane \\'General    Teams, Main Window\\'']['Button \\'Save\\'']\n""]",9,Go to planner,d0c34d4e-ebbf-4dc7-bebb-178bde7de9ed,2855,approvals/planner,Planner,TeamsPress button in window
8,eb0948ea-be71-ec11-8943-0022481ea4d8,5477dec3-815c-ec11-8f8f-002248302213,2022-01-10T02:45:02+00:00,Press button in window,"Button 'Add task card in To do column' in Pane 'General    Teams, Main Window'",Teams,"General (Project RoadMap) | Microsoft Teams, Main Window","[""UIAutomationPressButton Button: appmask['Pane \\'General    Teams, Main Window\\'']['Button \\'Add task card in To do column\\'']\n""]",10,Create Tasks,f893537a-727b-4623-b78d-998e3ba2d3ed,2856,approvals/planner,Planner,TeamsPress button in window
9,eb0948ea-be71-ec11-8943-0022481ea4d8,5477dec3-815c-ec11-8f8f-002248302213,2022-01-10T02:45:09+00:00,Populate text field in window,"Edit 'Task name' in Pane 'General    Teams, Main Window'; Text:'Prepare Presentat'",Teams,"General (Project RoadMap) | Microsoft Teams, Main Window","[""UIAutomationPopulateTextField TextField: appmask['Pane \\'General    Teams, Main Window\\'']['Edit \\'Task name\\''] Text: 'Prepare Presentat' Mode: UIAutomationPopulateTextModeReplace ClickType: UIAutomationPopulateMouseClickTypeSingleClick\n""]",11,Create Tasks,f893537a-727b-4623-b78d-998e3ba2d3ed,2857,approvals/planner,Planner,TeamsPopulate text field in window
10,eb0948ea-be71-ec11-8943-0022481ea4d8,5477dec3-815c-ec11-8f8f-002248302213,2022-01-10T02:45:13+00:00,Press button in window,"Button 'Set due date' in Pane 'General    Teams, Main Window'",Teams,"General (Project RoadMap) | Microsoft Teams, Main Window","[""UIAutomationPressButton Button: appmask['Pane \\'General    Teams, Main Window\\'']['Button \\'Set due date\\'']\n""]",12,Assign tasks,f893537a-727b-4623-b78d-998e3ba2d3ed,2858,approvals/planner,Planner,TeamsPress button in window
11,eb0948ea-be71-ec11-8943-0022481ea4d8,5477dec3-815c-ec11-8f8f-002248302213,2022-01-10T02:45:24+00:00,Click UI element in window,"Button 'Not assigned, Open to assign users to this task' in Pane 'General    Teams, Main Window'",Teams,"General (Project RoadMap) | Microsoft Teams, Main Window","[""UIAutomationClick Element: appmask['Pane \\'General    Teams, Main Window\\'']['Button \\'Not assigned, Open to assign users to this task\\''] ClickType: UIAutomationClickTypeLeftButtonDown OffsetX: 68 OffsetY: -3 MousePositionRelativeToElement: UIAutomationRectangleEdgePointMiddleLeft\n""]",13,Assign tasks,f893537a-727b-4623-b78d-998e3ba2d3ed,2859,approvals/planner,Planner,TeamsClick UI element in window
12,eb0948ea-be71-ec11-8943-0022481ea4d8,5477dec3-815c-ec11-8f8f-002248302213,2022-01-10T02:45:32+00:00,Populate text field in window,"Edit 'Assignments' in Pane 'General    Teams, Main Window'; Text:'Name'",Teams,"General (Project RoadMap) | Microsoft Teams, Main Window","[""UIAutomationPopulateTextField TextField: appmask['Pane \\'General    Teams, Main Window\\'']['Edit \\'Assignments\\''] Text: 'Name' Mode: UIAutomationPopulateTextModeReplace ClickType: UIAutomationPopulateMouseClickTypeSingleClick\n""]",14,Assign tasks,f893537a-727b-4623-b78d-998e3ba2d3ed,2860,approvals/planner,Planner,TeamsPopulate text field in window
13,eb0948ea-be71-ec11-8943-0022481ea4d8,5477dec3-815c-ec11-8f8f-002248302213,2022-01-10T02:45:37+00:00,Click UI element in window,"List Item 'Name Surname' in Pane 'General    Teams, Main Window'",Teams,"General (Project RoadMap) | Microsoft Teams, Main Window","[""UIAutomationClick Element: appmask['Pane \\'General    Teams, Main Window\\'']['List Item \\'Name Surname\\''] ClickType: UIAutomationClickTypeLeftClick OffsetX: 17 OffsetY: -10 MousePositionRelativeToElement: UIAutomationRectangleEdgePointBottomLeft\n""]",15,Assign tasks,f893537a-727b-4623-b78d-998e3ba2d3ed,2861,approvals/planner,Planner,TeamsClick UI element in window
14,eb0948ea-be71-ec11-8943-0022481ea4d8,5477dec3-815c-ec11-8f8f-002248302213,2022-01-10T02:45:43+00:00,Click UI element in window,"Button 'Add task' in Pane 'General    Teams, Main Window'",Teams,"General (Project RoadMap) | Microsoft Teams, Main Window","[""UIAutomationClick Element: appmask['Pane \\'General    Teams, Main Window\\'']['Button \\'Add task\\''] ClickType: UIAutomationClickTypeLeftButtonDown OffsetX: -14 OffsetY: 4 MousePositionRelativeToElement: UIAutomationRectangleEdgePointMiddleCenter\n""]",16,Assign tasks,f893537a-727b-4623-b78d-998e3ba2d3ed,2862,approvals/planner,Planner,TeamsClick UI element in window
15,eb0948ea-be71-ec11-8943-0022481ea4d8,5477dec3-815c-ec11-8f8f-002248302213,2022-01-10T02:45:50+00:00,Press button in window,"Button 'More options' in Pane 'General    Teams, Main Window'",Teams,"General (Project RoadMap) | Microsoft Teams, Main Window","[""UIAutomationPressButton Button: appmask['Pane \\'General    Teams, Main Window\\'']['Button \\'More options\\'']\n""]",17,Copy the link,5906380d-6843-4562-9a81-2879863a3924,2863,approvals/planner,Planner,TeamsPress button in window
16,eb0948ea-be71-ec11-8943-0022481ea4d8,5477dec3-815c-ec11-8f8f-002248302213,2022-01-10T02:45:59+00:00,Click UI element in window,"Button 'More options' in Pane 'General    Teams, Main Window'",Teams,"General (Project RoadMap) | Microsoft Teams, Main Window","[""UIAutomationClick Element: appmask['Pane \\'General    Teams, Main Window\\'']['Button \\'More options\\''] ClickType: UIAutomationClickTypeLeftButtonDown OffsetX: -7 OffsetY: 0 MousePositionRelativeToElement: UIAutomationRectangleEdgePointMiddleRight\n""]",18,Copy the link,5906380d-6843-4562-9a81-2879863a3924,2864,approvals/planner,Planner,TeamsClick UI element in window
17,eb0948ea-be71-ec11-8943-0022481ea4d8,5477dec3-815c-ec11-8f8f-002248302213,2022-01-10T02:46:05+00:00,Select menu option in window,"Menu Item 'Copy link to task' in Pane 'General    Teams, Main Window'",Teams,"General (Project RoadMap) | Microsoft Teams, Main Window","[""UIAutomationSelectMenuOption Control: appmask['Pane \\'General    Teams, Main Window\\'']['Menu Item \\'Copy link to task\\'']\n""]",19,Copy the link,5906380d-6843-4562-9a81-2879863a3924,2865,approvals/planner,Planner,TeamsSelect menu option in window
18,eb0948ea-be71-ec11-8943-0022481ea4d8,5477dec3-815c-ec11-8f8f-002248302213,2022-01-10T02:46:11+00:00,Click UI element in window,"Button 'Copy' in Pane 'General    Teams, Main Window'",Teams,"General (Project RoadMap) | Microsoft Teams, Main Window","[""UIAutomationClick Element: appmask['Pane \\'General    Teams, Main Window\\'']['Button \\'Copy\\''] ClickType: UIAutomationClickTypeLeftButtonDown OffsetX: 24 OffsetY: -5 MousePositionRelativeToElement: UIAutomationRectangleEdgePointMiddleLeft\n""]",20,Copy the link,5906380d-6843-4562-9a81-2879863a3924,2866,approvals/planner,Planner,TeamsClick UI element in window
0,fb93f146-ce5c-ec11-8f8f-002248302895,5477dec3-815c-ec11-8f8f-002248302213,2021-12-14T11:10:12+00:00,Press button in window,Google Chrome - 1 running window in Quick Launch Bar,,,"[""UIAutomationPressButton Button: appmask['Quick Launch Bar']['Google Chrome - 1 running window']\n""]",2,Go to planner,28c40339-538d-4f21-bf1a-91c244a2e302,5374,approvals/planner,Planner,Press button in window
1,fb93f146-ce5c-ec11-8f8f-002248302895,5477dec3-815c-ec11-8f8f-002248302213,2021-12-14T11:10:14+00:00,Press button in window,Button 'New Tab' in Pane 'TalentHub 20 - Google Chrome - Person 1',chrome,TalentHub 20 - Google Chrome - Person 1,"[""UIAutomationPressButton Button: appmask['Pane \\'TalentHub 20 - Google Chrome - Person 1\\'']['Button \\'New Tab\\'']\n""]",3,Go to planner,28c40339-538d-4f21-bf1a-91c244a2e302,5375,approvals/planner,Planner,chromePress button in window
2,fb93f146-ce5c-ec11-8f8f-002248302895,5477dec3-815c-ec11-8f8f-002248302213,2021-12-14T11:10:21+00:00,Populate text field in window,Edit 'Address and search bar' in Pane 'TalentHub 20 - Google Chrome - Person 1'; Text:'planner app',chrome,TalentHub 20 - Google Chrome - Person 1,"[""UIAutomationPopulateTextField TextField: appmask['Pane \\'TalentHub 20 - Google Chrome - Person 1\\'']['Edit \\'Address and search bar\\''] Text: 'planner app' Mode: UIAutomationPopulateTextModeReplace ClickType: UIAutomationPopulateMouseClickTypeSingleClick\n""]",4,Go to planner,28c40339-538d-4f21-bf1a-91c244a2e302,5376,approvals/planner,Planner,chromePopulate text field in window
3,fb93f146-ce5c-ec11-8f8f-002248302895,5477dec3-815c-ec11-8f8f-002248302213,2021-12-14T11:10:22+00:00,Send keys,TextToSend:'{Return}',,,"['WAIT 2\n', ""MouseAndKeyboardSendKeys TextToSend: '{Return}'\n""]",5,Go to planner,28c40339-538d-4f21-bf1a-91c244a2e302,5377,approvals/planner,Planner,Send keys
4,fb93f146-ce5c-ec11-8f8f-002248302895,5477dec3-815c-ec11-8f8f-002248302213,2021-12-14T11:10:29+00:00,Click UI element in window,Hyperlink ' Microsoft Planner https://tasksofficecom' in Pane 'TalentHub 20 - Google Chrome - Person 1',chrome,TalentHub 20 - Google Chrome - Person 1,"[""UIAutomationClick Element: appmask['Pane \\'TalentHub 20 - Google Chrome - Person 1\\'']['Hyperlink \\' Microsoft Planner https://tasksofficecom\\''] ClickType: UIAutomationClickTypeLeftClick OffsetX: 21 OffsetY: -10 MousePositionRelativeToElement: UIAutomationRectangleEdgePointBottomCenter\n""]",6,Go to planner,28c40339-538d-4f21-bf1a-91c244a2e302,5378,approvals/planner,Planner,chromeClick UI element in window
5,fb93f146-ce5c-ec11-8f8f-002248302895,5477dec3-815c-ec11-8f8f-002248302213,2021-12-14T11:10:34+00:00,Select menu option in window,Menu Item 'New plan' in Pane 'TalentHub 20 - Google Chrome - Person 1',chrome,TalentHub 20 - Google Chrome - Person 1,"[""UIAutomationSelectMenuOption Control: appmask['Pane \\'TalentHub 20 - Google Chrome - Person 1\\'']['Menu Item \\'New plan\\'']\n""]",7,Go to planner,28c40339-538d-4f21-bf1a-91c244a2e302,5379,approvals/planner,Planner,chromeSelect menu option in window
6,fb93f146-ce5c-ec11-8f8f-002248302895,5477dec3-815c-ec11-8f8f-002248302213,2021-12-14T11:10:41+00:00,Populate text field in window,Edit 'Plan name' in Pane 'TalentHub 20 - Google Chrome - Person 1'; Text:'Project2',chrome,TalentHub 20 - Google Chrome - Person 1,"[""UIAutomationPopulateTextField TextField: appmask['Pane \\'TalentHub 20 - Google Chrome - Person 1\\'']['Edit \\'Plan name\\''] Text: 'Project2' Mode: UIAutomationPopulateTextModeReplace ClickType: UIAutomationPopulateMouseClickTypeSingleClick\n""]",8,Go to planner,28c40339-538d-4f21-bf1a-91c244a2e302,5380,approvals/planner,Planner,chromePopulate text field in window
7,fb93f146-ce5c-ec11-8f8f-002248302895,5477dec3-815c-ec11-8f8f-002248302213,2021-12-14T11:10:47+00:00,Press button in window,Button 'îœêChoose a group for your plan' in Pane 'TalentHub 20 - Google Chrome - Person 1',chrome,TalentHub 20 - Google Chrome - Person 1,"[""UIAutomationPressButton Button: appmask['Pane \\'TalentHub 20 - Google Chrome - Person 1\\'']['Button \\'\ue710Choose a group for your plan\\'']\n""]",9,Go to planner,28c40339-538d-4f21-bf1a-91c244a2e302,5381,approvals/planner,Planner,chromePress button in window
8,fb93f146-ce5c-ec11-8f8f-002248302895,5477dec3-815c-ec11-8f8f-002248302213,2021-12-14T11:11:02+00:00,Click UI element in window,List Item 'Power Automate' in Pane 'TalentHub 20 - Google Chrome - Person 1',chrome,TalentHub 20 - Google Chrome - Person 1,"[""UIAutomationClick Element: appmask['Pane \\'TalentHub 20 - Google Chrome - Person 1\\'']['List Item \\'Power Automate\\''] ClickType: UIAutomationClickTypeLeftClick OffsetX: 49 OffsetY: -4 MousePositionRelativeToElement: UIAutomationRectangleEdgePointMiddleLeft\n""]",10,Go to planner,28c40339-538d-4f21-bf1a-91c244a2e302,5382,approvals/planner,Planner,chromeClick UI element in window
9,fb93f146-ce5c-ec11-8f8f-002248302895,5477dec3-815c-ec11-8f8f-002248302213,2021-12-14T11:11:06+00:00,Press button in window,Button 'Create plan' in Pane 'TalentHub 20 - Google Chrome - Person 1',chrome,TalentHub 20 - Google Chrome - Person 1,"[""UIAutomationPressButton Button: appmask['Pane \\'TalentHub 20 - Google Chrome - Person 1\\'']['Button \\'Create plan\\'']\n""]",11,Go to planner,28c40339-538d-4f21-bf1a-91c244a2e302,5383,approvals/planner,Planner,chromePress button in window
10,fb93f146-ce5c-ec11-8f8f-002248302895,5477dec3-815c-ec11-8f8f-002248302213,2021-12-14T11:11:13+00:00,Press button in window,Button 'Add task card in To do column' in Pane 'TalentHub 20 - Google Chrome - Person 1',chrome,TalentHub 20 - Google Chrome - Person 1,"[""UIAutomationPressButton Button: appmask['Pane \\'TalentHub 20 - Google Chrome - Person 1\\'']['Button \\'Add task card in To do column\\'']\n""]",12,Create Tasks,e4756a81-666f-4358-864d-d49d810856a4,5384,approvals/planner,Planner,chromePress button in window
11,fb93f146-ce5c-ec11-8f8f-002248302895,5477dec3-815c-ec11-8f8f-002248302213,2021-12-14T11:11:28+00:00,Populate text field in window,Edit 'Task name' in Pane 'TalentHub 20 - Google Chrome - Person 1'; Text:'Guideline Trainning',chrome,TalentHub 20 - Google Chrome - Person 1,"[""UIAutomationPopulateTextField TextField: appmask['Pane \\'TalentHub 20 - Google Chrome - Person 1\\'']['Edit \\'Task name\\''] Text: 'Guideline Trainning' Mode: UIAutomationPopulateTextModeReplace ClickType: UIAutomationPopulateMouseClickTypeSingleClick\n""]",13,Create Tasks,e4756a81-666f-4358-864d-d49d810856a4,5385,approvals/planner,Planner,chromePopulate text field in window
12,fb93f146-ce5c-ec11-8f8f-002248302895,5477dec3-815c-ec11-8f8f-002248302213,2021-12-14T11:11:32+00:00,Press button in window,Button 'î?‡ Set due date' in Pane 'TalentHub 20 - Google Chrome - Person 1',chrome,TalentHub 20 - Google Chrome - Person 1,"[""UIAutomationPressButton Button: appmask['Pane \\'TalentHub 20 - Google Chrome - Person 1\\'']['Button \\'\ue787 Set due date\\'']\n""]",14,Create Tasks,e4756a81-666f-4358-864d-d49d810856a4,5386,approvals/planner,Planner,chromePress button in window
13,fb93f146-ce5c-ec11-8f8f-002248302895,5477dec3-815c-ec11-8f8f-002248302213,2021-12-14T11:11:40+00:00,Click UI element in window,"Data Item 'December 20, 2021' in Pane 'TalentHub 20 - Google Chrome - Person 1'",chrome,TalentHub 20 - Google Chrome - Person 1,"[""UIAutomationClick Element: appmask['Pane \\'TalentHub 20 - Google Chrome - Person 1\\'']['Data Item \\'December 20, 2021\\''] ClickType: UIAutomationClickTypeLeftButtonUp OffsetX: 7 OffsetY: 3 MousePositionRelativeToElement: UIAutomationRectangleEdgePointMiddleLeft\n""]",15,Create Tasks,e4756a81-666f-4358-864d-d49d810856a4,5387,approvals/planner,Planner,chromeClick UI element in window
14,fb93f146-ce5c-ec11-8f8f-002248302895,5477dec3-815c-ec11-8f8f-002248302213,2021-12-14T11:11:45+00:00,Click UI element in window,"Button 'Not assigned, Open to assign users to this task' in Pane 'TalentHub 20 - Google Chrome - Person 1'",chrome,TalentHub 20 - Google Chrome - Person 1,"[""UIAutomationClick Element: appmask['Pane \\'TalentHub 20 - Google Chrome - Person 1\\'']['Button \\'Not assigned, Open to assign users to this task\\''] ClickType: UIAutomationClickTypeLeftButtonUp OffsetX: 35 OffsetY: -5 MousePositionRelativeToElement: UIAutomationRectangleEdgePointMiddleLeft\n""]",16,Create Tasks,e4756a81-666f-4358-864d-d49d810856a4,5388,approvals/planner,Planner,chromeClick UI element in window
15,fb93f146-ce5c-ec11-8f8f-002248302895,5477dec3-815c-ec11-8f8f-002248302213,2021-12-14T11:12:05+00:00,Press button in window,Button 'Name Surname' in Pane 'TalentHub 20 - Google Chrome - Person 1',chrome,TalentHub 20 - Google Chrome - Person 1,"[""UIAutomationPressButton Button: appmask['Pane \\'TalentHub 20 - Google Chrome - Person 1\\'']['Button \\'Name Surname\\'']\n""]",17,Create Tasks,e4756a81-666f-4358-864d-d49d810856a4,5389,approvals/planner,Planner,chromePress button in window
16,fb93f146-ce5c-ec11-8f8f-002248302895,5477dec3-815c-ec11-8f8f-002248302213,2021-12-14T11:12:08+00:00,Click UI element in window,Button 'Add task' in Pane 'TalentHub 20 - Google Chrome - Person 1',chrome,TalentHub 20 - Google Chrome - Person 1,"[""UIAutomationClick Element: appmask['Pane \\'TalentHub 20 - Google Chrome - Person 1\\'']['Button \\'Add task\\''] ClickType: UIAutomationClickTypeLeftButtonDown OffsetX: 28 OffsetY: 3 MousePositionRelativeToElement: UIAutomationRectangleEdgePointMiddleCenter\n""]",18,Create Tasks,e4756a81-666f-4358-864d-d49d810856a4,5390,approvals/planner,Planner,chromeClick UI element in window
17,fb93f146-ce5c-ec11-8f8f-002248302895,5477dec3-815c-ec11-8f8f-002248302213,2021-12-14T11:12:13+00:00,Click UI element in window,Text 'îœ’' in Pane 'TalentHub 20 - Google Chrome - Person 1',chrome,TalentHub 20 - Google Chrome - Person 1,"[""UIAutomationClick Element: appmask['Pane \\'TalentHub 20 - Google Chrome - Person 1\\'']['Text \\'\ue712\\''] ClickType: UIAutomationClickTypeRightButtonDown OffsetX: 5 OffsetY: 1 MousePositionRelativeToElement: UIAutomationRectangleEdgePointMiddleLeft\n""]",19,Copy the link,2901523d-cc50-4974-906b-03b58ba240c6,5391,approvals/planner,Planner,chromeClick UI element in window
18,fb93f146-ce5c-ec11-8f8f-002248302895,5477dec3-815c-ec11-8f8f-002248302213,2021-12-14T11:12:41+00:00,Get details of a UI element in window,Text 'îœ’' in Pane 'TalentHub 20 - Google Chrome - Person 1',chrome,TalentHub 20 - Google Chrome - Person 1,"[""UIAutomationGetElementDetails Element: appmask['Pane \\'TalentHub 20 - Google Chrome - Person 1\\'']['Text \\'\ue712\\''] AttributeName: 'owntext' AttributeValue=> AttributeValue\n""]",20,Copy the link,2901523d-cc50-4974-906b-03b58ba240c6,5392,approvals/planner,Planner,chromeGet details of a UI element in window
19,fb93f146-ce5c-ec11-8f8f-002248302895,5477dec3-815c-ec11-8f8f-002248302213,2021-12-14T11:12:48+00:00,Drag and drop UI element in window,Menu Item 'Copy link to plan' in Text 'îœ’' in Pane 'TalentHub 20 - Google Chrome - Person 1',chrome,TalentHub 20 - Google Chrome - Person 1,"[""UIAutomationDragAndDropElement MouseDownOffsetY: 2 MouseDownOffsetX: -5 RectangleEdgePointForMouseDown: UIAutomationRectangleEdgePointMiddleRight ControlToDrag: appmask['Pane \\'TalentHub 20 - Google Chrome - Person 1\\'']['Text \\'\ue712\\''] MouseUpOffsetY: 4 MouseUpOffsetX: -2 RectangleEdgePointForMouseUp: UIAutomationRectangleEdgePointMiddleRight ControlToDropOver: appmask['Pane \\'TalentHub 20 - Google Chrome - Person 1\\'']['Menu Item \\'Copy link to plan\\''] ClickType: UIAutomationDragAndDropClickTypeLeftClick\n""]",21,Copy the link,2901523d-cc50-4974-906b-03b58ba240c6,5393,approvals/planner,Planner,chromeDrag and drop UI element in window
